{"1":{"name":"Japan street sunset","description":"Lorem Ipsum is simply dummy text of the printing and typesetting industry.","image":"https://cdnb.artstation.com/p/assets/images/images/040/889/485/large/arseniy-chebynkin-bar-ext-sunset.jpg?1630162839"},"2":{"name":"lib","description":"aaaaaaa","image":"http://localhost:3333/images/fd7f6b6065596a70ba50ef834b28fb31.jpg"},"3":{"name":"unkown","description":"blocks in chain","image":"http://localhost:3333/images/c43952e6ff79e27d8e70656483859a90.png"}}